Seed, CaseStudy, MCTSimulations, Auctions,HourAhead,ZI,Tot_Buy,Vol_Buy,UnitBuy,Tot_Sell,Vol_Sell,UnitSell,Penalty,Profit,Net,Percentage,ZIP,Tot_Buy,Vol_Buy,UnitBuy,Tot_Sell,Vol_Sell,UnitSell,Penalty,Profit,Net,Percentage,SPOT,Tot_Buy,Vol_Buy,UnitBuy,Tot_Sell,Vol_Sell,UnitSell,Penalty,Profit,Net,Percentage,MCTSAgent1K,Tot_Buy,Vol_Buy,UnitBuy,Tot_Sell,Vol_Sell,UnitSell,Penalty,Profit,Net,Percentage,varMCTSAgent,Tot_Buy,Vol_Buy,UnitBuy,Tot_Sell,Vol_Sell,UnitSell,Penalty,Profit,Net,Percentage,Producer0,Tot_Buy,Vol_Buy,UnitBuy,Tot_Sell,Vol_Sell,UnitSell,Penalty,Profit,Net,Percentage,Producer1(RES),Producer2,Tot_Buy,Vol_Buy,UnitBuy,Tot_Sell,Vol_Sell,UnitSell,Penalty,Profit,Net,Percentage,Producer3(RES),Producer4,Tot_Buy,Vol_Buy,UnitBuy,Tot_Sell,Vol_Sell,UnitSell,Penalty,Profit,Net,Percentage,
1,1,100,	1,10,ZI,1259.79,-27998.74,-22.22,0.00,0.00,0.00,-240612.35,-27998.74,-268611.09,31.49,ZIP,4000.00,-99066.88,-24.77,0.00,0.00,0.00,-0.00,-99066.88,-99066.88,100.00,SPOT,4000.00,-97033.49,-24.26,0.00,0.00,0.00,-0.00,-97033.49,-97033.49,100.00,MCTSAgent1K,626.92,-15547.44,-24.80,160.00,3556.00,22.22,-310232.19,-11991.45,-322223.64,15.67,varMCTSAgent,346.96,-9767.99,-28.15,1200.00,28500.03,23.75,-426135.23,18732.03,-407403.20,8.67,35863.19,32528.16,109644.83,8722.39,30599.93,Mean Clearing Price,27.005244894935434
2,1,100,	1,10,ZI,4000.00,-110544.62,-27.64,0.00,0.00,0.00,-0.00,-110544.62,-110544.62,100.00,ZIP,4000.00,-109850.02,-27.46,0.00,0.00,0.00,-0.00,-109850.02,-109850.02,100.00,SPOT,3101.70,-84325.69,-27.19,0.00,0.00,0.00,-73102.30,-84325.69,-157427.99,77.54,MCTSAgent1K,0.80,-21.84,-27.35,761.28,20727.92,27.23,-387402.63,20706.08,-366696.55,0.02,varMCTSAgent,52.44,-1434.40,-27.35,1520.00,41712.96,27.44,-444943.87,40278.55,-404665.31,1.31,40215.31,36475.56,122950.60,9780.88,34313.34,Mean Clearing Price,27.382254562160544
3,1,100,	1,10,ZI,4000.00,-112104.62,-28.03,0.00,0.00,0.00,-0.00,-112104.62,-112104.62,100.00,ZIP,1958.72,-52748.65,-26.93,0.00,0.00,0.00,-164856.41,-52748.65,-217605.06,48.97,SPOT,2560.00,-67264.57,-26.28,0.00,0.00,0.00,-116296.41,-67264.57,-183560.98,64.00,MCTSAgent1K,0.00,-0.00,NaN,0.00,0.00,0.00,-323045.59,0.00,-323045.59,0.00,varMCTSAgent,354.95,-9986.69,-28.14,0.00,0.00,0.00,-294379.60,-9986.69,-304366.29,8.87,39946.18,36231.46,122127.77,9715.43,34083.70,Mean Clearing Price,27.666961399689534
